INSERT INTO Users (name, email, password) VALUES
('leonel.yost', 'leonel_yost@bayer.name', 'dictadoloribusalias'),
('marge', 'marge@wittinghegmann.biz', 'occaecatitemporaquibusdam'),
('rosendo', 'rosendo@schulist.biz', 'ipsumdistinctiovoluptatem'),
('sean_hansen', 'sean_hansen@christiansen.info', 'velnihilea'),
('augusta_gutkowski', 'augusta_gutkowski@keebler.name', 'uttemporedolorem'),
('roosevelt.hartmann', 'roosevelt.hartmann@klein.com', 'dolorumerrorquasi'),
('callie', 'callie@keeblergrady.org', 'aperiameumculpa'),
('korey.mertz', 'mertz.korey@harber.org', 'perspiciatisvelitsoluta'),
('oleta', 'oleta@wehnerko.name', 'etmolestiaedolorem'),
('amya.botsford', 'amya.botsford@turner.name', 'autnobiset');
INSERT INTO Topic (id, text, creator, postdate) VALUES
(1, 'Dolores recusandae placeat aut velit rem incidunt.', 'augusta_gutkowski', timestamp '2013-03-31 15:52:32'),
(2, 'Voluptatem odit tempora quisquam ratione maiores.', 'leonel.yost', timestamp '2014-02-11 05:37:31'),
(3, 'Omnis et facere voluptatum nam dolorum accusamus sit dolore.', 'callie', timestamp '2013-09-25 11:27:24'),
(4, 'Rem ut totam expedita.', 'augusta_gutkowski', timestamp '2013-07-23 05:59:03'),
(5, 'Culpa molestiae eveniet hic voluptatibus officia aliquid.', 'korey.mertz', timestamp '2013-06-10 07:44:29'),
(6, 'Eligendi explicabo repudiandae vel porro exercitationem.', 'amya.botsford', timestamp '2013-07-24 02:14:21'),
(7, 'Magni voluptatem aut nihil id laboriosam.', 'oleta', timestamp '2013-12-19 12:03:14'),
(8, 'Repellat deleniti pariatur doloremque ipsum est ducimus.', 'korey.mertz', timestamp '2014-01-08 08:20:34'),
(9, 'Debitis enim pariatur consectetur sunt mollitia voluptatum non.', 'callie', timestamp '2013-04-20 10:36:46'),
(10, 'Corporis perferendis odio cupiditate.', 'sean_hansen', timestamp '2014-01-16 17:45:12'),
(11, 'Velit repellendus natus tenetur sed occaecati labore nesciunt ut.', 'amya.botsford', timestamp '2013-07-11 10:20:42'),
(12, 'Consectetur accusantium vero recusandae quia unde temporibus.', 'oleta', timestamp '2014-01-18 08:59:17'),
(13, 'Aut et vero accusantium dolorum sequi eos.', 'callie', timestamp '2013-10-30 20:11:38'),
(14, 'Quaerat et quibusdam non maxime soluta.', 'korey.mertz', timestamp '2013-08-21 12:28:27'),
(15, 'Impedit neque earum assumenda vero sunt porro vitae labore.', 'leonel.yost', timestamp '2013-05-07 07:48:36');
INSERT INTO Argument (topic, id, startdate, enddate) VALUES
(9, 1, timestamp '2013-07-28 20:25:05', timestamp '2013-07-29 20:25:05'),
(2, 1, timestamp '2014-02-28 17:31:32', timestamp '2014-03-01 17:31:32'),
(15, 1, timestamp '2014-01-16 14:44:02', timestamp '2014-01-17 14:44:02'),
(5, 1, timestamp '2013-07-17 20:37:36', timestamp '2013-07-18 20:37:36'),
(6, 1, timestamp '2013-11-15 05:10:04', timestamp '2013-11-16 05:10:04'),
(11, 1, timestamp '2014-02-05 02:09:09', timestamp '2014-02-06 02:09:09'),
(4, 1, timestamp '2014-01-05 06:52:12', timestamp '2014-01-06 06:52:12'),
(11, 2, timestamp '2013-08-09 06:18:32', timestamp '2013-08-10 06:18:32'),
(3, 1, timestamp '2013-11-14 03:38:31', timestamp '2013-11-15 03:38:31'),
(15, 2, timestamp '2013-12-01 12:48:29', timestamp '2013-12-02 12:48:29'),
(3, 2, timestamp '2013-12-23 10:41:07', timestamp '2013-12-24 10:41:07'),
(11, 3, timestamp '2014-01-25 20:41:35', timestamp '2014-01-26 20:41:35'),
(11, 4, timestamp '2013-11-25 03:03:26', timestamp '2013-11-26 03:03:26'),
(13, 1, timestamp '2013-11-16 21:43:16', timestamp '2013-11-17 21:43:16'),
(2, 2, timestamp '2014-02-23 03:19:58', timestamp '2014-02-24 03:19:58'),
(13, 2, timestamp '2014-02-24 18:53:53', timestamp '2014-02-25 18:53:53'),
(9, 2, timestamp '2013-12-05 07:12:08', timestamp '2013-12-06 07:12:08'),
(11, 5, timestamp '2014-02-26 09:51:03', timestamp '2014-02-27 09:51:03'),
(2, 3, timestamp '2014-02-22 21:31:35', timestamp '2014-02-23 21:31:35'),
(7, 1, timestamp '2014-01-25 18:45:19', timestamp '2014-01-26 18:45:19'),
(2, 4, timestamp '2014-03-04 19:33:16', timestamp '2014-03-05 19:33:16'),
(14, 1, timestamp '2014-02-03 07:44:33', timestamp '2014-02-04 07:44:33'),
(13, 3, timestamp '2014-01-02 09:48:31', timestamp '2014-01-03 09:48:31'),
(12, 1, timestamp '2014-02-08 18:25:32', timestamp '2014-02-09 18:25:32'),
(2, 5, timestamp '2014-03-07 14:14:19', timestamp '2014-03-08 14:14:19'),
(4, 2, timestamp '2014-01-30 01:11:28', timestamp '2014-01-31 01:11:28'),
(1, 1, timestamp '2013-11-04 22:43:41', timestamp '2013-11-05 22:43:41'),
(14, 2, timestamp '2013-09-30 13:05:36', timestamp '2013-10-01 13:05:36'),
(9, 3, timestamp '2013-06-07 00:36:08', timestamp '2013-06-08 00:36:08'),
(5, 2, timestamp '2013-09-25 19:14:45', timestamp '2013-09-26 19:14:45');
INSERT INTO Opinion (text, posted_by, arg_id, arg_topic, postdate) VALUES
('Ipsum molestias enim quam ad commodi.', 'callie', 1, 15, timestamp '2014-01-16 23:33:30'),
('Maxime quo voluptatem sunt a.', 'callie', 2, 3, timestamp '2013-12-24 03:57:23'),
('Vel quis eligendi et autem.', 'roosevelt.hartmann', 2, 3, timestamp '2013-12-23 19:36:40'),
('Sapiente suscipit aspernatur minus molestiae aut animi quas placeat.', 'korey.mertz', 2, 4, timestamp '2014-01-30 02:50:11'),
('Perferendis asperiores nemo velit consectetur est ea saepe.', 'marge', 1, 13, timestamp '2013-11-17 14:37:45'),
('Ut laudantium iure et quam cum commodi veniam sit.', 'marge', 2, 11, timestamp '2013-08-10 05:24:59'),
('Sapiente assumenda aliquid incidunt aliquam laudantium voluptates quo nostrum.', 'leonel.yost', 3, 11, timestamp '2014-01-26 04:50:11'),
('Illum voluptatibus aut rerum ipsam.', 'oleta', 1, 1, timestamp '2013-11-05 14:29:35'),
('Quam porro qui eos aspernatur praesentium.', 'callie', 4, 11, timestamp '2013-11-26 02:13:18'),
('Repudiandae aspernatur architecto quia eum fuga cumque aut.', 'callie', 4, 2, timestamp '2014-03-05 03:17:15'),
('Voluptatem incidunt fugit vero officia voluptatum iure.', 'korey.mertz', 1, 2, timestamp '2014-03-01 02:54:01'),
('Magni laboriosam in repellat.', 'marge', 1, 7, timestamp '2014-01-25 18:50:56'),
('Dicta delectus provident nesciunt perspiciatis.', 'augusta_gutkowski', 1, 1, timestamp '2013-11-05 18:56:09'),
('Mollitia assumenda quo eos vitae.', 'amya.botsford', 1, 7, timestamp '2014-01-26 13:36:50'),
('Eveniet commodi quo qui accusantium magni.', 'leonel.yost', 3, 9, timestamp '2013-06-07 21:42:20'),
('Incidunt quia molestiae autem omnis ea delectus.', 'callie', 1, 9, timestamp '2013-07-29 16:33:47'),
('Non aspernatur quia laudantium libero ea enim ipsa similique.', 'roosevelt.hartmann', 2, 4, timestamp '2014-01-30 13:17:44'),
('Mollitia eum error ut.', 'sean_hansen', 3, 2, timestamp '2014-02-23 12:51:27'),
('Deleniti nulla sapiente porro officiis accusantium ab maxime.', 'callie', 2, 2, timestamp '2014-02-23 06:57:56'),
('Ut omnis omnis velit deleniti magni distinctio.', 'augusta_gutkowski', 1, 9, timestamp '2013-07-29 12:50:09'),
('Hic non nemo quasi nisi ea vel est consequatur.', 'marge', 1, 11, timestamp '2014-02-05 08:18:55'),
('Cumque praesentium natus adipisci id dignissimos excepturi quos aliquid.', 'roosevelt.hartmann', 5, 2, timestamp '2014-03-08 10:38:05'),
('Earum facilis voluptatem eaque quia fuga sit eius.', 'leonel.yost', 1, 15, timestamp '2014-01-16 19:15:55'),
('Cum minima non ipsa.', 'leonel.yost', 3, 13, timestamp '2014-01-03 04:30:19'),
('Tempora tenetur autem voluptatem excepturi omnis ut quia temporibus.', 'augusta_gutkowski', 1, 15, timestamp '2014-01-17 06:45:58'),
('Facere occaecati sunt molestiae deserunt culpa sint enim.', 'amya.botsford', 1, 6, timestamp '2013-11-16 01:54:41'),
('Vel voluptatibus praesentium est beatae recusandae nostrum quia.', 'leonel.yost', 2, 5, timestamp '2013-09-25 22:01:41'),
('Rerum possimus ipsam autem minus consequatur.', 'amya.botsford', 1, 1, timestamp '2013-11-04 23:42:37'),
('Eveniet eius dolor quia aspernatur.', 'oleta', 1, 2, timestamp '2014-03-01 06:12:42'),
('Molestiae sunt vel aliquid nemo itaque deleniti et.', 'oleta', 2, 5, timestamp '2013-09-26 16:31:43'),
('Provident maiores quia pariatur voluptatem perspiciatis ullam.', 'augusta_gutkowski', 2, 13, timestamp '2014-02-25 13:50:31'),
('Omnis ipsam totam rerum quidem aliquam.', 'oleta', 2, 4, timestamp '2014-01-30 19:23:20'),
('Sint dolorem quos veniam.', 'marge', 4, 2, timestamp '2014-03-05 01:51:40'),
('Voluptatibus tempora enim sed.', 'amya.botsford', 4, 11, timestamp '2013-11-25 15:32:37'),
('Eos recusandae neque assumenda quibusdam dolores sunt harum.', 'korey.mertz', 1, 12, timestamp '2014-02-09 08:01:31'),
('Omnis aut ipsum sed impedit voluptas non ea labore.', 'amya.botsford', 3, 13, timestamp '2014-01-03 03:21:38'),
('Maiores consequuntur molestiae vel.', 'leonel.yost', 2, 4, timestamp '2014-01-30 21:09:08'),
('Voluptatem temporibus atque repellat.', 'korey.mertz', 2, 9, timestamp '2013-12-06 02:19:47'),
('Ea sed adipisci porro eum facilis magni vel omnis.', 'amya.botsford', 2, 13, timestamp '2014-02-25 03:44:35'),
('Et nisi non dolorem laborum.', 'korey.mertz', 3, 11, timestamp '2014-01-26 06:21:37'),
('Voluptatem harum et consequuntur qui.', 'roosevelt.hartmann', 3, 2, timestamp '2014-02-22 22:01:37'),
('Hic deserunt delectus rerum deleniti minima culpa.', 'roosevelt.hartmann', 1, 14, timestamp '2014-02-04 03:15:17'),
('Iusto tempore et officia quae eligendi.', 'korey.mertz', 1, 3, timestamp '2013-11-14 11:22:19'),
('Facilis exercitationem maiores eligendi sint aut et nihil est.', 'sean_hansen', 4, 11, timestamp '2013-11-25 21:14:36'),
('Enim officiis odio optio fuga aut sunt unde.', 'leonel.yost', 1, 12, timestamp '2014-02-09 12:03:44'),
('Ratione debitis et sed labore molestiae doloremque dolore.', 'sean_hansen', 2, 15, timestamp '2013-12-01 18:54:05'),
('Et dignissimos aut enim quis.', 'amya.botsford', 2, 14, timestamp '2013-10-01 02:48:57'),
('Ipsa iusto nesciunt architecto qui qui alias id.', 'callie', 1, 13, timestamp '2013-11-17 16:56:44'),
('Eius enim molestiae corrupti unde odit.', 'augusta_gutkowski', 1, 6, timestamp '2013-11-15 18:17:42'),
('Reprehenderit vitae corporis maxime veniam qui itaque quia.', 'amya.botsford', 2, 9, timestamp '2013-12-05 18:41:54'),
('Aut odit tenetur at.', 'rosendo', 2, 13, timestamp '2014-02-25 02:22:42'),
('Debitis adipisci asperiores et autem tempora.', 'roosevelt.hartmann', 1, 3, timestamp '2013-11-14 14:45:17'),
('Est qui consectetur hic voluptas sit ea.', 'callie', 5, 11, timestamp '2014-02-26 09:54:05'),
('Ad ut facere et blanditiis nisi ea ab.', 'roosevelt.hartmann', 4, 2, timestamp '2014-03-05 01:48:28'),
('Maxime unde non in voluptatem.', 'leonel.yost', 4, 2, timestamp '2014-03-05 10:44:41'),
('Ut temporibus voluptatem et.', 'roosevelt.hartmann', 2, 14, timestamp '2013-10-01 06:11:22'),
('Consequatur cum consectetur tempore laborum aliquam ut fuga quia.', 'marge', 2, 5, timestamp '2013-09-26 14:12:25'),
('Et omnis dicta quasi deleniti ducimus.', 'sean_hansen', 1, 5, timestamp '2013-07-18 00:42:08'),
('Adipisci ullam eos et est autem rerum.', 'leonel.yost', 1, 5, timestamp '2013-07-18 06:16:42'),
('Omnis praesentium ut deserunt quo.', 'amya.botsford', 2, 15, timestamp '2013-12-02 00:18:23'),
('Velit vel dolor inventore nulla commodi molestiae.', 'marge', 2, 15, timestamp '2013-12-01 22:22:06'),
('Itaque ea eaque earum iure maiores ut minima.', 'korey.mertz', 2, 2, timestamp '2014-02-23 15:53:33'),
('Expedita iusto voluptas omnis.', 'oleta', 2, 9, timestamp '2013-12-05 18:21:32'),
('Sit aperiam non temporibus sed consectetur quam molestias sed.', 'rosendo', 2, 4, timestamp '2014-01-30 23:41:50'),
('Soluta voluptatem rem sunt hic suscipit nostrum est facilis.', 'roosevelt.hartmann', 2, 5, timestamp '2013-09-26 02:21:12'),
('Sint ea natus quibusdam fugiat doloribus dignissimos possimus ducimus.', 'oleta', 1, 6, timestamp '2013-11-15 20:20:55'),
('Quia et inventore molestias voluptatem.', 'leonel.yost', 1, 2, timestamp '2014-03-01 12:45:24'),
('Repudiandae dolore labore voluptas illum.', 'augusta_gutkowski', 3, 13, timestamp '2014-01-02 18:47:59'),
('Delectus perspiciatis voluptas repellat fugiat quia.', 'oleta', 1, 3, timestamp '2013-11-15 03:28:31'),
('Sit aut eius accusantium quas.', 'roosevelt.hartmann', 1, 11, timestamp '2014-02-05 13:19:14'),
('Velit mollitia rerum consequatur qui error aperiam commodi sint.', 'marge', 1, 6, timestamp '2013-11-16 01:03:29'),
('Ab repudiandae temporibus quos ratione et doloremque.', 'korey.mertz', 1, 1, timestamp '2013-11-05 08:20:18'),
('Quasi voluptatem sed laborum.', 'marge', 1, 9, timestamp '2013-07-28 21:50:07'),
('Quia quam omnis tenetur.', 'rosendo', 1, 2, timestamp '2014-03-01 16:53:02'),
('Non quis dicta enim.', 'callie', 1, 5, timestamp '2013-07-18 15:34:09'),
('Dicta eaque autem cupiditate est suscipit dolores nemo quia.', 'callie', 2, 9, timestamp '2013-12-06 05:52:20'),
('Ad doloribus debitis eum corporis ratione.', 'amya.botsford', 1, 3, timestamp '2013-11-14 16:26:12'),
('Sunt ducimus vitae enim in deleniti ratione voluptatibus.', 'rosendo', 2, 2, timestamp '2014-02-23 22:22:05');
INSERT INTO Comment (text, posted_by, target, arg_id, arg_topic, postdate) VALUES
('Ratione eveniet vero nobis et quia.', 'oleta', 'callie', 2, 9, timestamp '2013-12-06 06:57:35'),
('Animi eos optio vero.', 'marge', 'marge', 2, 15, timestamp '2013-12-01 23:07:29'),
('Eos quo magni ea repellendus quibusdam ex sunt.', 'callie', 'korey.mertz', 2, 2, timestamp '2014-02-23 22:53:42'),
('Sed perferendis qui commodi ipsum ullam eos et.', 'leonel.yost', 'leonel.yost', 3, 9, timestamp '2013-06-07 23:21:51'),
('Optio dolor labore ipsum.', 'callie', 'oleta', 1, 2, timestamp '2014-03-01 11:24:50'),
('Excepturi numquam magnam dicta consequatur asperiores.', 'marge', 'oleta', 2, 5, timestamp '2013-09-26 16:39:59'),
('Doloremque molestias optio magni fugit consequatur.', 'marge', 'roosevelt.hartmann', 1, 3, timestamp '2013-11-14 21:17:44'),
('Corporis molestiae quisquam cupiditate iusto hic est.', 'rosendo', 'callie', 2, 9, timestamp '2013-12-06 06:59:11'),
('Reiciendis aut consequatur provident perferendis dolorem.', 'callie', 'sean_hansen', 4, 11, timestamp '2013-11-26 02:50:19'),
('Repudiandae doloremque minima illo et fugiat minus harum quidem.', 'roosevelt.hartmann', 'marge', 1, 7, timestamp '2014-01-26 18:37:57'),
('Modi quam architecto nulla non amet ipsum.', 'korey.mertz', 'roosevelt.hartmann', 1, 11, timestamp '2014-02-05 14:51:29'),
('Recusandae fuga sit tenetur.', 'marge', 'augusta_gutkowski', 3, 13, timestamp '2014-01-03 04:13:23'),
('Porro ab aliquam expedita aut officiis nesciunt ut voluptas.', 'korey.mertz', 'callie', 2, 3, timestamp '2013-12-24 07:23:55'),
('Sint architecto cum sed ut.', 'marge', 'leonel.yost', 3, 13, timestamp '2014-01-03 06:03:10'),
('Totam necessitatibus nesciunt inventore iste quis.', 'oleta', 'augusta_gutkowski', 2, 13, timestamp '2014-02-25 16:43:52'),
('Nisi quia nihil ea.', 'roosevelt.hartmann', 'oleta', 2, 9, timestamp '2013-12-06 01:49:41'),
('Qui architecto nihil minus amet.', 'roosevelt.hartmann', 'callie', 5, 11, timestamp '2014-02-27 07:04:08'),
('Quis ut explicabo culpa.', 'leonel.yost', 'callie', 1, 15, timestamp '2014-01-17 05:38:18'),
('Error sit cum asperiores.', 'marge', 'roosevelt.hartmann', 2, 4, timestamp '2014-01-31 00:03:33'),
('Sint expedita fugiat possimus ut dicta non quos.', 'amya.botsford', 'rosendo', 1, 2, timestamp '2014-03-01 16:54:41'),
('Molestias hic impedit nobis aut illum quo et.', 'marge', 'oleta', 2, 9, timestamp '2013-12-06 01:32:23'),
('Modi nobis ducimus eveniet officiis.', 'marge', 'marge', 1, 6, timestamp '2013-11-16 02:16:44'),
('Dolor magnam porro nobis ipsam.', 'callie', 'roosevelt.hartmann', 1, 11, timestamp '2014-02-05 19:40:27'),
('Blanditiis eum quia qui non.', 'oleta', 'callie', 5, 11, timestamp '2014-02-26 12:39:15'),
('Impedit doloremque molestiae debitis.', 'leonel.yost', 'sean_hansen', 1, 5, timestamp '2013-07-18 03:01:01'),
('Rerum laborum est qui neque ut natus eum.', 'marge', 'amya.botsford', 4, 11, timestamp '2013-11-26 00:12:54'),
('Qui sunt dolorum recusandae nam autem.', 'amya.botsford', 'callie', 5, 11, timestamp '2014-02-26 20:47:16'),
('Enim praesentium occaecati sed aperiam ut voluptas cumque perferendis.', 'augusta_gutkowski', 'amya.botsford', 2, 15, timestamp '2013-12-02 06:07:42'),
('Voluptatem ut harum illo.', 'rosendo', 'leonel.yost', 1, 15, timestamp '2014-01-16 20:03:59'),
('Impedit explicabo excepturi autem quod sint in deleniti.', 'sean_hansen', 'augusta_gutkowski', 1, 6, timestamp '2013-11-15 20:34:51'),
('Quis totam dolores nihil voluptatem vero.', 'rosendo', 'oleta', 1, 6, timestamp '2013-11-15 21:37:18'),
('Maxime eum et quisquam itaque et.', 'sean_hansen', 'roosevelt.hartmann', 2, 5, timestamp '2013-09-26 15:37:55'),
('Nihil omnis pariatur autem sed.', 'augusta_gutkowski', 'callie', 1, 13, timestamp '2013-11-17 21:38:18'),
('Tempora quos in quas doloremque.', 'korey.mertz', 'korey.mertz', 3, 11, timestamp '2014-01-26 17:57:39'),
('Maiores ad voluptatem nesciunt dolorum similique perspiciatis.', 'roosevelt.hartmann', 'korey.mertz', 1, 2, timestamp '2014-03-01 08:42:27'),
('Enim unde suscipit quasi.', 'roosevelt.hartmann', 'leonel.yost', 1, 12, timestamp '2014-02-09 12:46:18'),
('Incidunt pariatur quas magnam iure.', 'augusta_gutkowski', 'oleta', 1, 3, timestamp '2013-11-15 03:31:14'),
('Et ducimus sit est excepturi.', 'rosendo', 'marge', 1, 13, timestamp '2013-11-17 21:42:07'),
('Adipisci blanditiis dolores quisquam maiores.', 'leonel.yost', 'sean_hansen', 4, 11, timestamp '2013-11-25 21:17:35'),
('Quis omnis doloremque labore harum.', 'roosevelt.hartmann', 'oleta', 1, 2, timestamp '2014-03-01 07:06:40'),
('Recusandae quasi pariatur perspiciatis vero labore reiciendis maiores totam.', 'rosendo', 'amya.botsford', 1, 7, timestamp '2014-01-26 15:20:03'),
('Esse odio qui quia.', 'korey.mertz', 'amya.botsford', 1, 1, timestamp '2013-11-05 05:19:14'),
('Et et architecto ipsam omnis deleniti similique doloremque id.', 'augusta_gutkowski', 'oleta', 2, 9, timestamp '2013-12-06 02:54:12'),
('Et impedit sunt est quis dolor ratione.', 'korey.mertz', 'callie', 2, 2, timestamp '2014-02-23 10:12:02'),
('Vitae libero aut praesentium adipisci numquam quia laboriosam.', 'sean_hansen', 'augusta_gutkowski', 1, 15, timestamp '2014-01-17 13:07:19'),
('Et sed porro odit harum explicabo doloribus suscipit.', 'rosendo', 'korey.mertz', 3, 11, timestamp '2014-01-26 17:14:18'),
('Distinctio eligendi occaecati sit culpa quis architecto nemo.', 'rosendo', 'augusta_gutkowski', 1, 15, timestamp '2014-01-17 09:59:35'),
('Molestiae laboriosam omnis laborum nobis vel odio.', 'amya.botsford', 'oleta', 2, 4, timestamp '2014-01-30 21:16:26'),
('Dolore dolor magni impedit et eligendi est facilis eius.', 'korey.mertz', 'oleta', 1, 2, timestamp '2014-03-01 16:31:55'),
('Ex qui quia voluptate et reprehenderit.', 'rosendo', 'leonel.yost', 1, 12, timestamp '2014-02-09 13:59:39'),
('Soluta amet dolorem consequuntur enim ullam quisquam.', 'amya.botsford', 'callie', 2, 2, timestamp '2014-02-23 16:29:55'),
('Nihil nobis possimus natus sed.', 'callie', 'leonel.yost', 3, 9, timestamp '2013-06-07 22:42:25'),
('Sit ipsa rerum cumque et odio consequatur quia.', 'marge', 'roosevelt.hartmann', 1, 11, timestamp '2014-02-05 13:28:56'),
('Veritatis fugit enim hic quis sint molestiae repellat.', 'rosendo', 'amya.botsford', 2, 9, timestamp '2013-12-06 05:50:54'),
('Facilis laboriosam sequi corrupti ratione culpa ipsam atque.', 'leonel.yost', 'rosendo', 2, 4, timestamp '2014-01-31 00:41:09'),
('Similique delectus dolor facere.', 'sean_hansen', 'oleta', 1, 2, timestamp '2014-03-01 09:14:37'),
('Sapiente ea quae voluptatem mollitia amet enim.', 'marge', 'roosevelt.hartmann', 3, 2, timestamp '2014-02-23 18:57:03'),
('Numquam deleniti praesentium nobis qui dignissimos qui in.', 'callie', 'marge', 1, 6, timestamp '2013-11-16 04:30:15'),
('Debitis et accusantium eos harum praesentium id blanditiis est.', 'roosevelt.hartmann', 'amya.botsford', 1, 1, timestamp '2013-11-05 01:42:49'),
('Sequi aut omnis sed amet sed.', 'marge', 'leonel.yost', 2, 5, timestamp '2013-09-25 23:51:18'),
('Accusamus maxime repudiandae dolore magnam pariatur esse voluptas.', 'leonel.yost', 'augusta_gutkowski', 1, 1, timestamp '2013-11-05 22:23:42'),
('Rerum dolore et sed sit nam rerum.', 'korey.mertz', 'leonel.yost', 3, 11, timestamp '2014-01-26 09:37:16'),
('Culpa possimus deserunt odit et dolorem aut incidunt non.', 'oleta', 'korey.mertz', 2, 4, timestamp '2014-01-30 19:04:54'),
('Deleniti molestias exercitationem vitae.', 'rosendo', 'marge', 2, 15, timestamp '2013-12-02 08:43:10'),
('Odit et ut dignissimos vel.', 'augusta_gutkowski', 'leonel.yost', 1, 2, timestamp '2014-03-01 14:36:40'),
('Voluptatem ipsum ut assumenda ab consequuntur nesciunt ut saepe.', 'korey.mertz', 'marge', 1, 9, timestamp '2013-07-29 02:46:01'),
('Hic nisi molestiae voluptatem tenetur cumque non.', 'korey.mertz', 'marge', 2, 5, timestamp '2013-09-26 18:00:26'),
('Voluptatem non eos architecto aut sunt et porro consequatur.', 'callie', 'leonel.yost', 1, 15, timestamp '2014-01-16 21:03:13'),
('Qui id nulla id facilis similique autem earum.', 'leonel.yost', 'korey.mertz', 1, 12, timestamp '2014-02-09 09:11:02'),
('Esse corrupti et consequuntur sunt et.', 'leonel.yost', 'callie', 4, 11, timestamp '2013-11-26 02:48:01'),
('Mollitia vero neque totam nisi molestiae vitae dolore.', 'rosendo', 'leonel.yost', 3, 11, timestamp '2014-01-26 08:58:05'),
('Harum veniam est laborum.', 'augusta_gutkowski', 'amya.botsford', 1, 3, timestamp '2013-11-14 22:09:01'),
('Incidunt voluptatem ipsum esse quia eum architecto est quibusdam.', 'oleta', 'rosendo', 2, 13, timestamp '2014-02-25 16:38:50'),
('Consequuntur explicabo vitae iste.', 'marge', 'amya.botsford', 1, 6, timestamp '2013-11-16 03:54:14'),
('Velit beatae ad culpa autem hic adipisci.', 'augusta_gutkowski', 'roosevelt.hartmann', 5, 2, timestamp '2014-03-08 12:20:04'),
('Nostrum perferendis delectus molestiae at reprehenderit fugiat deleniti.', 'augusta_gutkowski', 'oleta', 1, 6, timestamp '2013-11-16 04:42:36'),
('Voluptate recusandae velit voluptatem.', 'oleta', 'oleta', 2, 5, timestamp '2013-09-26 17:31:27'),
('Repudiandae rem minima sapiente et fuga.', 'augusta_gutkowski', 'leonel.yost', 1, 12, timestamp '2014-02-09 13:19:29'),
('Et ducimus voluptas aperiam consectetur.', 'augusta_gutkowski', 'marge', 2, 15, timestamp '2013-12-02 11:27:59'),
('Voluptas illo accusamus veritatis natus nesciunt voluptatibus voluptatem.', 'oleta', 'augusta_gutkowski', 1, 15, timestamp '2014-01-17 13:00:02'),
('Officia aliquam non adipisci omnis.', 'sean_hansen', 'oleta', 2, 5, timestamp '2013-09-26 18:26:52'),
('Aspernatur mollitia iste est temporibus cumque iure similique.', 'sean_hansen', 'rosendo', 2, 13, timestamp '2014-02-25 09:17:50'),
('Molestias reprehenderit recusandae quidem ea et expedita odio voluptas.', 'amya.botsford', 'marge', 1, 6, timestamp '2013-11-16 04:32:42'),
('Omnis et voluptas sit ad assumenda amet deleniti et.', 'callie', 'oleta', 2, 5, timestamp '2013-09-26 17:28:42'),
('Ut aut autem ut aut sunt quam.', 'marge', 'leonel.yost', 1, 15, timestamp '2014-01-17 04:57:21'),
('Voluptatem labore quis eum quisquam recusandae iusto consequatur.', 'callie', 'marge', 4, 2, timestamp '2014-03-05 03:20:18'),
('Excepturi unde quia sit ut sapiente.', 'korey.mertz', 'leonel.yost', 1, 5, timestamp '2013-07-18 16:25:56'),
('Pariatur dolor accusamus suscipit quis cum esse hic.', 'roosevelt.hartmann', 'callie', 1, 15, timestamp '2014-01-17 09:26:41'),
('Necessitatibus vitae amet iste tempora sunt suscipit et.', 'rosendo', 'roosevelt.hartmann', 1, 3, timestamp '2013-11-14 17:47:58'),
('Quis vero odit et.', 'oleta', 'korey.mertz', 1, 2, timestamp '2014-03-01 10:46:21'),
('Minus rerum quia et eos est assumenda hic mollitia.', 'korey.mertz', 'oleta', 2, 4, timestamp '2014-01-31 00:01:00'),
('Molestiae iure quibusdam ratione ad velit numquam distinctio.', 'augusta_gutkowski', 'korey.mertz', 2, 9, timestamp '2013-12-06 06:22:52'),
('Harum aut ratione eligendi.', 'callie', 'korey.mertz', 1, 1, timestamp '2013-11-05 13:44:07'),
('Aperiam nisi id nam.', 'sean_hansen', 'marge', 2, 15, timestamp '2013-12-02 04:30:28'),
('Ea iusto error fugit voluptatem consequatur voluptatem omnis aut.', 'rosendo', 'marge', 4, 2, timestamp '2014-03-05 14:59:12'),
('Est qui sed et recusandae.', 'amya.botsford', 'marge', 1, 9, timestamp '2013-07-29 09:33:54'),
('Quidem qui ratione praesentium.', 'amya.botsford', 'oleta', 1, 2, timestamp '2014-03-01 14:12:20'),
('Numquam praesentium vel a et dignissimos perferendis ipsum tenetur.', 'augusta_gutkowski', 'sean_hansen', 2, 15, timestamp '2013-12-02 06:51:07'),
('Quod quasi sequi animi possimus similique odio fuga assumenda.', 'callie', 'augusta_gutkowski', 1, 15, timestamp '2014-01-17 10:47:53'),
('Provident sit quisquam nesciunt consequatur recusandae.', 'korey.mertz', 'rosendo', 1, 2, timestamp '2014-03-01 17:12:01'),
('Consequatur omnis iusto doloribus corporis nihil mollitia numquam voluptate.', 'marge', 'callie', 1, 15, timestamp '2014-01-17 03:03:20'),
('Sed hic enim natus eligendi.', 'amya.botsford', 'oleta', 1, 3, timestamp '2013-11-15 03:37:38'),
('Repellat illum nesciunt sit quisquam.', 'rosendo', 'amya.botsford', 1, 3, timestamp '2013-11-14 18:01:31'),
('Ipsa consequuntur sunt deserunt cupiditate necessitatibus.', 'sean_hansen', 'callie', 5, 11, timestamp '2014-02-26 21:36:18'),
('Adipisci qui sint ut tempore deleniti rerum.', 'sean_hansen', 'roosevelt.hartmann', 5, 2, timestamp '2014-03-08 13:11:38'),
('Mollitia at totam eius harum dolor sequi eos quia.', 'amya.botsford', 'leonel.yost', 3, 11, timestamp '2014-01-26 17:10:02'),
('Esse praesentium asperiores ex distinctio ratione.', 'amya.botsford', 'korey.mertz', 3, 11, timestamp '2014-01-26 18:45:19'),
('Nemo earum sit aut possimus sit ab.', 'roosevelt.hartmann', 'augusta_gutkowski', 1, 1, timestamp '2013-11-05 21:41:31'),
('Possimus perspiciatis vitae accusamus omnis iure quia et.', 'rosendo', 'marge', 2, 5, timestamp '2013-09-26 17:03:21'),
('Nesciunt dolor quo in.', 'leonel.yost', 'roosevelt.hartmann', 1, 14, timestamp '2014-02-04 04:46:30'),
('Ad illo eum dolore rerum atque.', 'sean_hansen', 'amya.botsford', 2, 9, timestamp '2013-12-05 20:11:53'),
('Libero accusantium aliquid laboriosam tenetur quas ut ut.', 'leonel.yost', 'amya.botsford', 1, 1, timestamp '2013-11-05 10:35:50'),
('Eius et molestiae et.', 'leonel.yost', 'sean_hansen', 2, 15, timestamp '2013-12-02 05:16:44'),
('Doloremque omnis qui rerum.', 'korey.mertz', 'leonel.yost', 3, 9, timestamp '2013-06-07 22:57:01'),
('Natus neque voluptates rerum cum.', 'leonel.yost', 'oleta', 1, 6, timestamp '2013-11-15 23:20:12'),
('Magnam provident ad nam quaerat libero veniam reiciendis.', 'amya.botsford', 'sean_hansen', 1, 5, timestamp '2013-07-18 12:12:57'),
('Possimus totam hic quaerat exercitationem provident blanditiis ut.', 'callie', 'callie', 2, 2, timestamp '2014-02-23 07:17:11'),
('Qui consequatur error totam rerum omnis accusantium aut asperiores.', 'rosendo', 'oleta', 1, 3, timestamp '2013-11-15 03:36:15'),
('Qui qui omnis nulla magnam suscipit fugit.', 'sean_hansen', 'marge', 2, 11, timestamp '2013-08-10 05:44:35'),
('Laudantium minus itaque quo voluptatem corporis provident consequatur voluptatem.', 'rosendo', 'roosevelt.hartmann', 1, 14, timestamp '2014-02-04 06:14:49'),
('Neque repellat minima eum qui.', 'rosendo', 'korey.mertz', 2, 4, timestamp '2014-01-30 18:03:30'),
('Eos molestiae sit sunt aut est eius doloribus placeat.', 'oleta', 'korey.mertz', 3, 11, timestamp '2014-01-26 09:39:13'),
('Id qui distinctio reprehenderit ut quas incidunt.', 'rosendo', 'callie', 4, 11, timestamp '2013-11-26 02:57:11'),
('Molestiae qui ut quis aspernatur et ab aut.', 'augusta_gutkowski', 'korey.mertz', 1, 12, timestamp '2014-02-09 13:46:54'),
('Deleniti perspiciatis voluptatem beatae.', 'roosevelt.hartmann', 'roosevelt.hartmann', 4, 2, timestamp '2014-03-05 02:23:17'),
('Molestiae amet qui officia vel est doloribus dolorum.', 'korey.mertz', 'marge', 1, 6, timestamp '2013-11-16 02:50:05'),
('Atque rerum quod autem similique.', 'leonel.yost', 'leonel.yost', 1, 12, timestamp '2014-02-09 17:41:25'),
('Quam fuga dolor ipsam est tempore qui.', 'oleta', 'amya.botsford', 2, 9, timestamp '2013-12-05 18:53:50'),
('Eveniet non enim quia facere.', 'callie', 'roosevelt.hartmann', 2, 3, timestamp '2013-12-23 22:49:31'),
('Ipsum officiis sint ratione molestiae magnam qui.', 'amya.botsford', 'leonel.yost', 2, 5, timestamp '2013-09-25 23:40:02'),
('Ut qui repellendus dolore ratione.', 'korey.mertz', 'marge', 1, 11, timestamp '2014-02-05 21:04:40'),
('Architecto veniam qui voluptates nihil ipsa aut placeat sunt.', 'oleta', 'leonel.yost', 1, 2, timestamp '2014-03-01 17:27:07'),
('Numquam sit aut occaecati.', 'callie', 'amya.botsford', 4, 11, timestamp '2013-11-25 20:17:44'),
('Et quia assumenda perspiciatis nobis.', 'korey.mertz', 'roosevelt.hartmann', 1, 3, timestamp '2013-11-14 22:21:35'),
('Quisquam voluptatibus harum ipsam qui.', 'leonel.yost', 'leonel.yost', 1, 2, timestamp '2014-03-01 17:10:53'),
('Voluptates suscipit totam iusto porro consequuntur odit ab.', 'leonel.yost', 'roosevelt.hartmann', 2, 14, timestamp '2013-10-01 06:41:16'),
('Dolorem cupiditate consequatur quibusdam voluptas consequuntur.', 'augusta_gutkowski', 'sean_hansen', 1, 5, timestamp '2013-07-18 17:15:53'),
('Qui ipsam molestiae ullam architecto ea reprehenderit rerum tempora.', 'korey.mertz', 'rosendo', 2, 4, timestamp '2014-01-31 00:28:50'),
('Expedita quidem qui sapiente perferendis neque.', 'amya.botsford', 'leonel.yost', 3, 13, timestamp '2014-01-03 07:34:52'),
('Delectus laboriosam dolorem rerum quibusdam.', 'korey.mertz', 'roosevelt.hartmann', 5, 2, timestamp '2014-03-08 12:42:36'),
('Possimus eum atque qui reprehenderit aut consequatur dolorem.', 'oleta', 'rosendo', 2, 2, timestamp '2014-02-23 22:40:30'),
('Similique eius quasi natus necessitatibus velit nulla et.', 'leonel.yost', 'oleta', 1, 1, timestamp '2013-11-05 17:03:41'),
('Doloremque sed sit vitae optio.', 'oleta', 'sean_hansen', 4, 11, timestamp '2013-11-26 01:41:25'),
('Asperiores natus ea quia assumenda vel earum explicabo.', 'amya.botsford', 'roosevelt.hartmann', 1, 14, timestamp '2014-02-04 04:10:40'),
('Nihil molestiae voluptate molestias.', 'roosevelt.hartmann', 'callie', 1, 5, timestamp '2013-07-18 20:37:33'),
('Quae magnam a enim harum atque dicta ut provident.', 'rosendo', 'callie', 2, 2, timestamp '2014-02-23 19:05:45'),
('Voluptates quia voluptas non doloribus et quae nulla dolorem.', 'augusta_gutkowski', 'korey.mertz', 1, 2, timestamp '2014-03-01 04:19:36'),
('Illo qui et autem.', 'sean_hansen', 'callie', 1, 15, timestamp '2014-01-17 09:04:30'),
('Error eius illum voluptas dolor molestiae tenetur quo quis.', 'augusta_gutkowski', 'leonel.yost', 1, 15, timestamp '2014-01-17 00:23:25'),
('Cupiditate deserunt laudantium esse officia sapiente.', 'roosevelt.hartmann', 'callie', 1, 13, timestamp '2013-11-17 16:58:48'),
('Et et quisquam aut quae vel incidunt.', 'roosevelt.hartmann', 'marge', 2, 5, timestamp '2013-09-26 17:12:42'),
('Sit eius a doloribus quia molestiae quasi.', 'roosevelt.hartmann', 'callie', 4, 11, timestamp '2013-11-26 02:39:48'),
('Dolorum dolores voluptas animi.', 'amya.botsford', 'amya.botsford', 4, 11, timestamp '2013-11-25 16:26:39'),
('Quis incidunt eligendi nostrum enim.', 'korey.mertz', 'amya.botsford', 1, 3, timestamp '2013-11-15 03:05:51'),
('Dolores inventore id excepturi accusantium qui velit.', 'korey.mertz', 'augusta_gutkowski', 2, 13, timestamp '2014-02-25 17:45:44'),
('Occaecati vero eligendi id molestias dolore qui.', 'korey.mertz', 'korey.mertz', 1, 1, timestamp '2013-11-05 09:02:42'),
('Maiores numquam incidunt ab consequatur dolor veniam consectetur.', 'leonel.yost', 'roosevelt.hartmann', 5, 2, timestamp '2014-03-08 11:05:40'),
('Quibusdam eos quam maxime est error.', 'sean_hansen', 'amya.botsford', 2, 13, timestamp '2014-02-25 05:16:04'),
('Nam possimus nesciunt sint.', 'augusta_gutkowski', 'oleta', 2, 5, timestamp '2013-09-26 17:39:26'),
('Asperiores unde eos et distinctio modi.', 'sean_hansen', 'leonel.yost', 2, 5, timestamp '2013-09-26 09:47:08'),
('At ipsam fugit asperiores dicta ut ea expedita culpa.', 'rosendo', 'amya.botsford', 1, 1, timestamp '2013-11-05 03:41:56'),
('Ratione aliquid et illo saepe.', 'leonel.yost', 'augusta_gutkowski', 1, 15, timestamp '2014-01-17 08:17:17'),
('Et est autem accusantium vel.', 'leonel.yost', 'callie', 1, 13, timestamp '2013-11-17 21:13:22'),
('Quia velit sed dicta excepturi.', 'sean_hansen', 'roosevelt.hartmann', 2, 3, timestamp '2013-12-24 06:50:53'),
('Animi nulla dolore ut deserunt et dolor quas.', 'augusta_gutkowski', 'roosevelt.hartmann', 4, 2, timestamp '2014-03-05 14:25:17'),
('Voluptatem quibusdam corrupti molestiae sunt harum laboriosam labore non.', 'amya.botsford', 'callie', 2, 9, timestamp '2013-12-06 06:04:05'),
('Ducimus omnis consequatur sit sapiente sint dolor minima molestiae.', 'callie', 'roosevelt.hartmann', 2, 14, timestamp '2013-10-01 10:42:36'),
('Deleniti enim asperiores ipsam ad.', 'marge', 'amya.botsford', 1, 1, timestamp '2013-11-05 07:26:34'),
('Adipisci omnis nihil vero.', 'korey.mertz', 'amya.botsford', 2, 9, timestamp '2013-12-06 02:20:30'),
('Tempora et esse quia.', 'rosendo', 'rosendo', 2, 4, timestamp '2014-01-31 01:09:54'),
('Corporis ut dolores a reiciendis dolorem.', 'leonel.yost', 'callie', 5, 11, timestamp '2014-02-26 15:48:07'),
('Cum expedita quo voluptas.', 'rosendo', 'augusta_gutkowski', 3, 13, timestamp '2014-01-02 18:57:15'),
('Enim molestiae est dolorum dignissimos rerum assumenda et.', 'callie', 'rosendo', 1, 2, timestamp '2014-03-01 17:11:32'),
('Omnis ex facilis eveniet cumque.', 'korey.mertz', 'augusta_gutkowski', 1, 1, timestamp '2013-11-05 19:26:57'),
('Id non dolores quidem.', 'callie', 'leonel.yost', 2, 4, timestamp '2014-01-30 22:52:46'),
('Inventore temporibus sequi assumenda debitis consequatur.', 'oleta', 'korey.mertz', 1, 1, timestamp '2013-11-05 19:51:03'),
('Odio aspernatur quos amet et.', 'marge', 'sean_hansen', 2, 15, timestamp '2013-12-02 06:57:49'),
('Qui cumque possimus eaque.', 'oleta', 'marge', 1, 11, timestamp '2014-02-05 14:02:18'),
('Esse officia dolorum et quia recusandae.', 'leonel.yost', 'oleta', 2, 5, timestamp '2013-09-26 16:37:06'),
('Itaque iusto quidem et.', 'rosendo', 'callie', 5, 11, timestamp '2014-02-26 23:12:27'),
('Soluta magnam ut amet dolores.', 'amya.botsford', 'amya.botsford', 2, 9, timestamp '2013-12-06 03:52:40'),
('Explicabo aspernatur dolores rerum totam.', 'korey.mertz', 'oleta', 2, 9, timestamp '2013-12-05 19:35:07'),
('Ut magnam est voluptate est.', 'oleta', 'amya.botsford', 2, 15, timestamp '2013-12-02 02:24:02'),
('Neque rerum sit perferendis porro voluptates.', 'augusta_gutkowski', 'roosevelt.hartmann', 2, 3, timestamp '2013-12-24 07:30:23'),
('Placeat rerum accusantium necessitatibus repudiandae omnis consequuntur.', 'leonel.yost', 'rosendo', 1, 2, timestamp '2014-03-01 16:59:10'),
('Pariatur suscipit ipsa sint ut.', 'oleta', 'marge', 2, 5, timestamp '2013-09-26 16:58:50'),
('Similique dignissimos voluptatem et in ducimus quos pariatur.', 'korey.mertz', 'amya.botsford', 3, 13, timestamp '2014-01-03 04:05:44'),
('Qui similique laboriosam qui sit sunt veritatis cum.', 'marge', 'amya.botsford', 3, 13, timestamp '2014-01-03 09:41:18'),
('Odio dignissimos fuga harum enim rem incidunt aliquam.', 'augusta_gutkowski', 'roosevelt.hartmann', 3, 2, timestamp '2014-02-23 00:47:20'),
('Velit itaque numquam expedita.', 'leonel.yost', 'korey.mertz', 3, 11, timestamp '2014-01-26 17:21:07');
INSERT INTO Tag (text, topic) VALUES
('straightarrow', 13),
('rowdy', 4),
('quotidian', 12),
('animalistic', 10),
('indignant', 6),
('hearable', 13),
('accredited', 10),
('recognizable', 12),
('incomparable', 14),
('trousered', 2);
INSERT INTO OpinionVote (voter, opinion_poster, arg_id, arg_topic, logic, rage) VALUES
('korey.mertz', 'marge', 1, 9, false, true),
('korey.mertz', 'marge', 2, 11, false, true),
('marge', 'callie', 1, 5, false, false),
('oleta', 'oleta', 2, 9, false, false),
('roosevelt.hartmann', 'roosevelt.hartmann', 2, 14, true, false),
('sean_hansen', 'rosendo', 2, 2, true, true),
('amya.botsford', 'oleta', 1, 2, false, false),
('oleta', 'marge', 2, 15, true, false),
('roosevelt.hartmann', 'leonel.yost', 1, 2, true, true),
('amya.botsford', 'amya.botsford', 1, 1, true, true),
('korey.mertz', 'amya.botsford', 1, 7, true, true),
('oleta', 'korey.mertz', 2, 9, false, false),
('rosendo', 'roosevelt.hartmann', 2, 5, false, false),
('oleta', 'korey.mertz', 1, 3, true, false),
('augusta_gutkowski', 'callie', 4, 2, false, false),
('augusta_gutkowski', 'leonel.yost', 1, 12, false, true),
('roosevelt.hartmann', 'oleta', 1, 6, false, false),
('amya.botsford', 'leonel.yost', 2, 4, true, true),
('oleta', 'augusta_gutkowski', 1, 6, false, true),
('rosendo', 'leonel.yost', 3, 11, false, true),
('roosevelt.hartmann', 'callie', 1, 13, true, false),
('oleta', 'amya.botsford', 3, 13, true, false),
('marge', 'roosevelt.hartmann', 3, 2, true, false),
('sean_hansen', 'korey.mertz', 1, 3, false, false),
('callie', 'korey.mertz', 1, 3, true, false),
('korey.mertz', 'sean_hansen', 1, 5, false, true),
('roosevelt.hartmann', 'leonel.yost', 3, 11, false, false),
('augusta_gutkowski', 'oleta', 1, 1, false, false),
('rosendo', 'marge', 1, 7, true, false),
('callie', 'roosevelt.hartmann', 1, 14, true, false),
('roosevelt.hartmann', 'oleta', 2, 5, true, true),
('roosevelt.hartmann', 'leonel.yost', 1, 5, true, false),
('leonel.yost', 'amya.botsford', 2, 15, false, false),
('rosendo', 'leonel.yost', 1, 5, true, false),
('korey.mertz', 'sean_hansen', 4, 11, false, false),
('rosendo', 'korey.mertz', 1, 2, true, true),
('amya.botsford', 'rosendo', 2, 13, true, true),
('oleta', 'leonel.yost', 4, 2, true, true),
('oleta', 'amya.botsford', 2, 15, false, true),
('amya.botsford', 'oleta', 2, 5, false, true),
('marge', 'callie', 1, 15, false, true),
('augusta_gutkowski', 'rosendo', 2, 13, false, true),
('oleta', 'marge', 1, 11, false, false),
('korey.mertz', 'roosevelt.hartmann', 2, 14, false, false),
('leonel.yost', 'sean_hansen', 2, 15, true, true),
('amya.botsford', 'korey.mertz', 1, 12, true, true),
('korey.mertz', 'roosevelt.hartmann', 2, 4, true, false),
('marge', 'amya.botsford', 1, 6, true, true),
('oleta', 'leonel.yost', 1, 2, false, false),
('augusta_gutkowski', 'augusta_gutkowski', 3, 13, false, false),
('rosendo', 'augusta_gutkowski', 1, 1, false, false),
('korey.mertz', 'leonel.yost', 2, 5, true, true),
('leonel.yost', 'roosevelt.hartmann', 1, 14, true, false),
('korey.mertz', 'marge', 1, 11, false, true),
('roosevelt.hartmann', 'amya.botsford', 2, 9, false, true),
('korey.mertz', 'augusta_gutkowski', 1, 15, false, true),
('roosevelt.hartmann', 'leonel.yost', 4, 2, true, true),
('sean_hansen', 'sean_hansen', 1, 5, false, true),
('callie', 'amya.botsford', 3, 13, false, false),
('korey.mertz', 'korey.mertz', 1, 3, false, false),
('leonel.yost', 'marge', 1, 9, false, true),
('roosevelt.hartmann', 'sean_hansen', 3, 2, false, true),
('oleta', 'roosevelt.hartmann', 1, 11, false, false),
('amya.botsford', 'augusta_gutkowski', 3, 13, true, true),
('roosevelt.hartmann', 'leonel.yost', 3, 13, false, true),
('amya.botsford', 'leonel.yost', 3, 9, true, true),
('callie', 'amya.botsford', 1, 1, true, true),
('leonel.yost', 'augusta_gutkowski', 1, 15, true, false),
('rosendo', 'marge', 4, 2, true, true),
('callie', 'amya.botsford', 2, 14, false, false),
('roosevelt.hartmann', 'rosendo', 1, 2, true, true),
('oleta', 'rosendo', 2, 13, false, true),
('sean_hansen', 'oleta', 2, 9, false, false),
('leonel.yost', 'marge', 2, 11, true, true),
('augusta_gutkowski', 'korey.mertz', 1, 3, true, true),
('oleta', 'callie', 2, 2, true, true),
('korey.mertz', 'roosevelt.hartmann', 2, 3, true, true),
('korey.mertz', 'oleta', 1, 3, false, true),
('augusta_gutkowski', 'leonel.yost', 2, 4, false, true),
('oleta', 'leonel.yost', 1, 15, false, false),
('rosendo', 'augusta_gutkowski', 3, 13, false, true),
('callie', 'oleta', 1, 6, false, true),
('sean_hansen', 'rosendo', 2, 4, true, false),
('leonel.yost', 'oleta', 1, 1, false, false),
('rosendo', 'callie', 1, 5, true, true),
('amya.botsford', 'callie', 1, 15, true, false),
('amya.botsford', 'amya.botsford', 1, 3, true, false),
('callie', 'korey.mertz', 3, 11, true, false),
('marge', 'korey.mertz', 1, 2, false, false),
('roosevelt.hartmann', 'rosendo', 2, 4, true, false),
('callie', 'leonel.yost', 2, 4, false, false),
('oleta', 'leonel.yost', 2, 4, true, true),
('augusta_gutkowski', 'korey.mertz', 2, 4, true, true),
('callie', 'sean_hansen', 3, 2, true, true),
('callie', 'amya.botsford', 2, 9, true, false);
INSERT INTO CommentVote (voter, comment_poster, opinion_poster, arg_id, arg_topic, logic, rage) VALUES
('callie', 'marge', 'roosevelt.hartmann', 2, 4, false, false),
('leonel.yost', 'leonel.yost', 'sean_hansen', 1, 5, true, true),
('marge', 'marge', 'amya.botsford', 4, 11, true, false),
('korey.mertz', 'oleta', 'augusta_gutkowski', 1, 15, false, false),
('callie', 'sean_hansen', 'amya.botsford', 2, 9, true, false),
('roosevelt.hartmann', 'augusta_gutkowski', 'leonel.yost', 1, 12, false, false),
('sean_hansen', 'marge', 'oleta', 2, 5, true, false),
('callie', 'roosevelt.hartmann', 'roosevelt.hartmann', 4, 2, true, false),
('callie', 'augusta_gutkowski', 'amya.botsford', 2, 15, false, true),
('oleta', 'oleta', 'marge', 2, 5, true, false),
('marge', 'marge', 'amya.botsford', 1, 6, true, true),
('oleta', 'augusta_gutkowski', 'sean_hansen', 1, 5, false, true),
('leonel.yost', 'amya.botsford', 'roosevelt.hartmann', 1, 14, true, true),
('amya.botsford', 'korey.mertz', 'oleta', 2, 4, false, true),
('augusta_gutkowski', 'rosendo', 'korey.mertz', 3, 11, false, true),
('rosendo', 'augusta_gutkowski', 'roosevelt.hartmann', 3, 2, true, false),
('callie', 'callie', 'marge', 1, 6, true, true),
('augusta_gutkowski', 'callie', 'leonel.yost', 2, 4, true, true),
('leonel.yost', 'leonel.yost', 'amya.botsford', 1, 1, false, true),
('sean_hansen', 'rosendo', 'leonel.yost', 1, 15, true, false),
('callie', 'augusta_gutkowski', 'roosevelt.hartmann', 2, 3, false, false),
('roosevelt.hartmann', 'callie', 'korey.mertz', 2, 2, false, true),
('rosendo', 'oleta', 'korey.mertz', 2, 4, true, true),
('rosendo', 'rosendo', 'callie', 4, 11, true, false),
('callie', 'marge', 'leonel.yost', 2, 5, false, false),
('augusta_gutkowski', 'amya.botsford', 'marge', 1, 6, false, true),
('leonel.yost', 'rosendo', 'amya.botsford', 1, 1, false, true),
('amya.botsford', 'rosendo', 'callie', 5, 11, true, true),
('oleta', 'rosendo', 'augusta_gutkowski', 1, 15, true, false),
('amya.botsford', 'rosendo', 'callie', 2, 9, true, false),
('leonel.yost', 'augusta_gutkowski', 'leonel.yost', 1, 12, false, true),
('augusta_gutkowski', 'roosevelt.hartmann', 'oleta', 2, 9, false, false),
('amya.botsford', 'augusta_gutkowski', 'amya.botsford', 1, 3, false, true),
('leonel.yost', 'callie', 'marge', 1, 6, false, true),
('leonel.yost', 'leonel.yost', 'leonel.yost', 3, 9, true, true),
('leonel.yost', 'oleta', 'augusta_gutkowski', 1, 15, false, true),
('callie', 'oleta', 'sean_hansen', 4, 11, false, false),
('amya.botsford', 'oleta', 'marge', 1, 11, false, true),
('amya.botsford', 'leonel.yost', 'korey.mertz', 3, 11, true, true),
('sean_hansen', 'callie', 'callie', 2, 2, false, false),
('leonel.yost', 'sean_hansen', 'leonel.yost', 2, 5, true, false),
('korey.mertz', 'callie', 'oleta', 1, 2, true, false),
('leonel.yost', 'callie', 'korey.mertz', 1, 1, false, false),
('rosendo', 'augusta_gutkowski', 'marge', 2, 15, false, true),
('amya.botsford', 'amya.botsford', 'leonel.yost', 3, 11, false, true),
('amya.botsford', 'korey.mertz', 'amya.botsford', 3, 13, true, false),
('roosevelt.hartmann', 'korey.mertz', 'roosevelt.hartmann', 1, 11, true, false),
('sean_hansen', 'oleta', 'rosendo', 2, 2, true, true),
('oleta', 'rosendo', 'oleta', 1, 3, false, true),
('korey.mertz', 'sean_hansen', 'amya.botsford', 2, 9, true, true),
('sean_hansen', 'rosendo', 'marge', 4, 2, false, false),
('leonel.yost', 'sean_hansen', 'marge', 2, 15, false, false),
('korey.mertz', 'sean_hansen', 'leonel.yost', 2, 5, true, true),
('korey.mertz', 'leonel.yost', 'rosendo', 1, 2, false, true),
('callie', 'amya.botsford', 'oleta', 2, 4, false, true),
('callie', 'rosendo', 'amya.botsford', 1, 1, true, false),
('roosevelt.hartmann', 'korey.mertz', 'korey.mertz', 1, 1, false, false),
('amya.botsford', 'callie', 'marge', 4, 2, true, false),
('augusta_gutkowski', 'callie', 'marge', 1, 6, true, false),
('rosendo', 'roosevelt.hartmann', 'callie', 5, 11, false, false),
('amya.botsford', 'amya.botsford', 'callie', 5, 11, true, false),
('sean_hansen', 'marge', 'sean_hansen', 2, 15, true, false),
('marge', 'sean_hansen', 'callie', 5, 11, false, false),
('amya.botsford', 'augusta_gutkowski', 'leonel.yost', 1, 2, false, false),
('oleta', 'amya.botsford', 'callie', 2, 2, true, false),
('sean_hansen', 'augusta_gutkowski', 'oleta', 1, 6, true, true),
('sean_hansen', 'leonel.yost', 'callie', 4, 11, false, false),
('callie', 'oleta', 'rosendo', 2, 13, true, true),
('leonel.yost', 'roosevelt.hartmann', 'marge', 1, 7, false, false),
('oleta', 'sean_hansen', 'oleta', 1, 2, false, false),
('callie', 'roosevelt.hartmann', 'korey.mertz', 1, 2, false, true),
('marge', 'callie', 'roosevelt.hartmann', 2, 3, true, true),
('roosevelt.hartmann', 'marge', 'leonel.yost', 2, 5, true, true),
('sean_hansen', 'korey.mertz', 'roosevelt.hartmann', 1, 3, false, false),
('roosevelt.hartmann', 'oleta', 'korey.mertz', 1, 1, true, true),
('amya.botsford', 'augusta_gutkowski', 'korey.mertz', 2, 9, true, false),
('augusta_gutkowski', 'korey.mertz', 'amya.botsford', 3, 13, true, true),
('oleta', 'rosendo', 'marge', 1, 13, true, true),
('roosevelt.hartmann', 'callie', 'oleta', 2, 5, true, true),
('korey.mertz', 'roosevelt.hartmann', 'callie', 5, 11, true, true),
('rosendo', 'marge', 'marge', 1, 6, false, true),
('rosendo', 'amya.botsford', 'sean_hansen', 1, 5, false, false),
('leonel.yost', 'amya.botsford', 'oleta', 1, 2, true, true),
('roosevelt.hartmann', 'korey.mertz', 'korey.mertz', 3, 11, true, true),
('rosendo', 'korey.mertz', 'amya.botsford', 1, 1, true, false),
('oleta', 'sean_hansen', 'callie', 5, 11, false, false),
('augusta_gutkowski', 'rosendo', 'leonel.yost', 1, 15, true, false),
('marge', 'korey.mertz', 'roosevelt.hartmann', 1, 11, true, true),
('korey.mertz', 'marge', 'amya.botsford', 3, 13, true, false),
('leonel.yost', 'korey.mertz', 'rosendo', 1, 2, true, true),
('oleta', 'roosevelt.hartmann', 'korey.mertz', 1, 2, false, false),
('marge', 'marge', 'augusta_gutkowski', 3, 13, true, true),
('amya.botsford', 'augusta_gutkowski', 'leonel.yost', 1, 12, true, true),
('amya.botsford', 'marge', 'leonel.yost', 2, 5, true, true);
